{"train_loss": 0.0011009947282260859, "test_loss": 0.5739297019392604, "train_acc": 99.96841689696012, "test_acc": 99.90543735224587, "_runtime": 343, "_timestamp": 1627479092, "_step": 3}